{"stats":{"minecraft:custom":{"minecraft:time_since_rest":7092,"minecraft:leave_game":1,"minecraft:sprint_one_cm":3222,"minecraft:play_time":7092,"minecraft:time_since_death":7092,"minecraft:walk_one_cm":10609,"minecraft:total_world_time":7940,"minecraft:drop":20,"minecraft:jump":8},"minecraft:picked_up":{"minecraft:redstone_torch":117,"minecraft:slime_block":3,"minecraft:piston":232},"minecraft:mined":{"minecraft:redstone_torch":127,"minecraft:slime_block":2,"minecraft:piston":322},"minecraft:used":{"minecraft:redstone_torch":129,"minecraft:slime_block":30,"minecraft:netherite_pickaxe":351,"minecraft:piston":384,"minecraft:diamond_pickaxe":99},"minecraft:dropped":{"minecraft:diamond_pickaxe":19,"minecraft:netherite_pickaxe":1}},"DataVersion":2975}