{"stats":{"minecraft:dropped":{"minecraft:redstone_torch":64,"minecraft:anvil":1,"minecraft:slime_block":1,"minecraft:piston":64,"minecraft:stone_button":1,"minecraft:chest":2},"minecraft:picked_up":{"minecraft:slime_block":584,"minecraft:redstone_torch":688,"minecraft:stone_button":1,"minecraft:piston":741},"minecraft:mined":{"minecraft:redstone_torch":133,"minecraft:slime_block":15,"minecraft:piston":267},"minecraft:custom":{"minecraft:time_since_rest":6608,"minecraft:open_chest":4,"minecraft:crouch_one_cm":24,"minecraft:play_time":6608,"minecraft:sprint_one_cm":2234,"minecraft:walk_one_cm":9087,"minecraft:sneak_time":156,"minecraft:interact_with_anvil":1,"minecraft:drop":7,"minecraft:jump":20,"minecraft:leave_game":1,"minecraft:time_since_death":6608,"minecraft:total_world_time":6710,"minecraft:fly_one_cm":25190},"minecraft:used":{"minecraft:redstone_torch":134,"minecraft:glass":1,"minecraft:piston":269,"minecraft:torch":2,"minecraft:sand":4,"minecraft:anvil":1,"minecraft:slime_block":15,"minecraft:bone_block":1,"minecraft:netherite_pickaxe":415,"minecraft:chest":3,"minecraft:observer":5,"minecraft:end_stone":2}},"DataVersion":2975}