{"stats":{"minecraft:picked_up":{"minecraft:glass":1,"minecraft:bamboo":10},"minecraft:used":{"minecraft:chiseled_stone_bricks":1,"minecraft:bone_block":3,"minecraft:bamboo":3,"minecraft:glass":3,"minecraft:stone":1,"minecraft:observer":1},"minecraft:mined":{"minecraft:glass":1},"minecraft:dropped":{"minecraft:glass":1},"minecraft:custom":{"minecraft:jump":16,"minecraft:time_since_rest":4058,"minecraft:crouch_one_cm":539,"minecraft:damage_taken":20,"minecraft:leave_game":2,"minecraft:play_time":4058,"minecraft:time_since_death":4058,"minecraft:walk_one_cm":2378,"minecraft:sneak_time":265,"minecraft:total_world_time":11430,"minecraft:fall_one_cm":484,"minecraft:drop":1,"minecraft:fly_one_cm":4825}},"DataVersion":2975}