{"stats":{"minecraft:custom":{"minecraft:time_since_rest":6684,"minecraft:drop":2,"minecraft:fly_one_cm":82750,"minecraft:play_time":6684,"minecraft:sneak_time":33,"minecraft:jump":1,"minecraft:leave_game":1,"minecraft:time_since_death":6684,"minecraft:total_world_time":6977},"minecraft:used":{"minecraft:oak_log":2,"minecraft:glass":170,"minecraft:mossy_stone_bricks":198,"minecraft:diorite":362,"minecraft:cyan_terracotta":40,"minecraft:end_stone_bricks":196,"minecraft:iron_ore":134,"minecraft:pink_glazed_terracotta":46,"minecraft:bookshelf":2,"minecraft:quartz_pillar":2,"minecraft:chiseled_sandstone":48,"minecraft:snow_block":22,"minecraft:light_gray_concrete":330,"minecraft:birch_planks":422,"minecraft:iron_block":170,"minecraft:polished_andesite":92,"minecraft:bone_block":426,"minecraft:quartz_block":198,"minecraft:lime_concrete_powder":2,"minecraft:white_concrete_powder":312,"minecraft:white_glazed_terracotta":18,"minecraft:white_terracotta":1030,"minecraft:polished_granite":20,"minecraft:stone":42,"minecraft:gray_concrete_powder":2,"minecraft:pink_wool":16,"minecraft:clay":324,"minecraft:gravel":30,"minecraft:gold_ore":1182,"minecraft:stone_bricks":12,"minecraft:cracked_stone_bricks":38,"minecraft:pink_concrete":388,"minecraft:white_wool":400,"minecraft:light_gray_wool":322,"minecraft:green_glazed_terracotta":48,"minecraft:chiseled_stone_bricks":6,"minecraft:mossy_cobblestone":138,"minecraft:sand":92,"minecraft:cobblestone":16,"minecraft:gray_glazed_terracotta":6,"minecraft:emerald_block":2,"minecraft:magenta_terracotta":46,"minecraft:yellow_glazed_terracotta":6,"minecraft:orange_glazed_terracotta":224,"minecraft:birch_log":952,"minecraft:light_gray_terracotta":34,"minecraft:andesite":26,"minecraft:light_gray_glazed_terracotta":106,"minecraft:light_gray_concrete_powder":1848,"minecraft:chiseled_quartz_block":132,"minecraft:pink_concrete_powder":134,"minecraft:brown_glazed_terracotta":12,"minecraft:white_concrete":132,"minecraft:end_stone":54,"minecraft:polished_diorite":158,"minecraft:lime_glazed_terracotta":32},"minecraft:dropped":{"minecraft:redstone_torch":53,"minecraft:basalt":9}},"DataVersion":2975}