{"stats":{"minecraft:used":{"minecraft:gold_ore":40,"minecraft:light_gray_wool":1,"minecraft:white_wool":1,"minecraft:mossy_stone_bricks":1,"minecraft:diorite":6,"minecraft:mossy_cobblestone":2,"minecraft:end_stone_bricks":5,"minecraft:iron_ore":4,"minecraft:sand":9,"minecraft:quartz_pillar":1,"minecraft:chiseled_sandstone":3,"minecraft:light_gray_concrete":6,"minecraft:birch_planks":5,"minecraft:orange_glazed_terracotta":9,"minecraft:polished_andesite":1,"minecraft:birch_log":27,"minecraft:bone_block":15,"minecraft:andesite":1,"minecraft:quartz_block":1,"minecraft:white_concrete_powder":2,"minecraft:light_gray_concrete_powder":25,"minecraft:chiseled_quartz_block":3,"minecraft:white_terracotta":4,"minecraft:white_concrete":2,"minecraft:brown_glazed_terracotta":2},"minecraft:custom":{"minecraft:time_since_rest":645,"minecraft:play_time":645,"minecraft:sneak_time":16,"minecraft:leave_game":1,"minecraft:time_since_death":645,"minecraft:total_world_time":676,"minecraft:fly_one_cm":2318}},"DataVersion":2975}