{"stats":{"minecraft:custom":{"minecraft:jump":3,"minecraft:time_since_rest":14060,"minecraft:crouch_one_cm":3,"minecraft:leave_game":4,"minecraft:play_time":14060,"minecraft:sprint_one_cm":297,"minecraft:time_since_death":14060,"minecraft:walk_one_cm":6995,"minecraft:sneak_time":110,"minecraft:total_world_time":14215,"minecraft:fly_one_cm":9233},"minecraft:used":{"minecraft:netherite_pickaxe":1,"minecraft:bone_block":23,"minecraft:bamboo":13,"minecraft:observer":49,"minecraft:minecart":9,"minecraft:piston":1,"minecraft:grass_block":1,"minecraft:redstone_torch":1},"minecraft:mined":{"minecraft:redstone_torch":1,"minecraft:piston":1},"minecraft:picked_up":{"minecraft:redstone_torch":1,"minecraft:bamboo":3,"minecraft:piston":1}},"DataVersion":2975}