{"stats":{"minecraft:used":{"minecraft:minecart":10,"minecraft:glass":63,"minecraft:detector_rail":1},"minecraft:custom":{"minecraft:jump":16,"minecraft:time_since_rest":43878,"minecraft:sprint_one_cm":322,"minecraft:crouch_one_cm":985,"minecraft:leave_game":2,"minecraft:play_time":43878,"minecraft:time_since_death":43878,"minecraft:walk_on_water_one_cm":672,"minecraft:walk_one_cm":3482,"minecraft:sneak_time":354,"minecraft:total_world_time":43909,"minecraft:walk_under_water_one_cm":464,"minecraft:tune_noteblock":94,"minecraft:fly_one_cm":43076}},"DataVersion":2975}