{"stats":{"minecraft:custom":{"minecraft:jump":17,"minecraft:time_since_rest":9039,"minecraft:leave_game":1,"minecraft:crouch_one_cm":6,"minecraft:sprint_one_cm":7635,"minecraft:play_time":9039,"minecraft:time_since_death":9039,"minecraft:walk_one_cm":35041,"minecraft:sneak_time":41,"minecraft:total_world_time":29335,"minecraft:drop":18,"minecraft:fly_one_cm":9222},"minecraft:mined":{"minecraft:piston":91,"minecraft:redstone_torch":37},"minecraft:picked_up":{"minecraft:redstone_torch":21,"minecraft:piston":35,"minecraft:diamond_pickaxe":6},"minecraft:used":{"minecraft:redstone_torch":40,"minecraft:basalt":5,"minecraft:glass":1693,"minecraft:piston":126,"minecraft:diamond_pickaxe":123},"minecraft:dropped":{"minecraft:diamond_pickaxe":18}},"DataVersion":2975}