{"stats":{"minecraft:used":{"minecraft:oak_log":1,"minecraft:piston":7,"minecraft:mossy_stone_bricks":22,"minecraft:diorite":33,"minecraft:end_stone_bricks":7,"minecraft:iron_ore":15,"minecraft:chiseled_sandstone":4,"minecraft:bookshelf":1,"minecraft:quartz_pillar":1,"minecraft:snow_block":8,"minecraft:light_gray_concrete":42,"minecraft:birch_planks":10,"minecraft:iron_block":6,"minecraft:polished_andesite":10,"minecraft:bone_block":31,"minecraft:quartz_block":1,"minecraft:white_concrete_powder":39,"minecraft:white_glazed_terracotta":1,"minecraft:white_terracotta":13,"minecraft:stone":2,"minecraft:clay":24,"minecraft:gravel":1,"minecraft:gold_ore":108,"minecraft:cracked_stone_bricks":1,"minecraft:white_wool":142,"minecraft:light_gray_wool":29,"minecraft:green_glazed_terracotta":1,"minecraft:mossy_cobblestone":7,"minecraft:sand":11,"minecraft:orange_glazed_terracotta":28,"minecraft:birch_log":73,"minecraft:light_gray_terracotta":3,"minecraft:andesite":5,"minecraft:light_gray_glazed_terracotta":7,"minecraft:light_gray_concrete_powder":117,"minecraft:chiseled_quartz_block":5,"minecraft:white_concrete":9,"minecraft:brown_glazed_terracotta":2,"minecraft:observer":26,"minecraft:polished_diorite":6},"minecraft:custom":{"minecraft:time_since_rest":1719,"minecraft:sprint_one_cm":716,"minecraft:walk_one_cm":652,"minecraft:fly_one_cm":32648,"minecraft:crouch_one_cm":130,"minecraft:play_time":1719,"minecraft:sneak_time":71,"minecraft:jump":3,"minecraft:leave_game":1,"minecraft:time_since_death":1719,"minecraft:total_world_time":1750}},"DataVersion":2975}