{"stats":{"minecraft:mined":{"minecraft:redstone_torch":1826,"minecraft:glass":1,"minecraft:slime_block":131,"minecraft:netherrack":33,"minecraft:piston":3704},"minecraft:dropped":{"minecraft:redstone_torch":320,"minecraft:iron_ingot":64,"minecraft:iron_block":1,"minecraft:piston":640,"minecraft:netherrack":361,"minecraft:obsidian":1,"minecraft:item_frame":1,"minecraft:redstone":1,"minecraft:egg":2},"minecraft:picked_up":{"minecraft:slime_block":115,"minecraft:torch":9,"minecraft:iron_block":1,"minecraft:redstone_torch":1912,"minecraft:netherrack":134,"minecraft:piston":3891},"minecraft:custom":{"minecraft:time_since_rest":15736,"minecraft:play_time":15736,"minecraft:sprint_one_cm":9449,"minecraft:walk_one_cm":70617,"minecraft:sneak_time":18,"minecraft:drop":28,"minecraft:jump":34,"minecraft:leave_game":2,"minecraft:time_since_death":15736,"minecraft:total_world_time":15792,"minecraft:fly_one_cm":18725,"minecraft:fall_one_cm":418},"minecraft:used":{"minecraft:redstone_torch":1829,"minecraft:glass":391,"minecraft:piston":3753,"minecraft:torch":3,"minecraft:slime_block":132,"minecraft:netherite_pickaxe":5687,"minecraft:end_stone":3},"minecraft:broken":{"minecraft:netherite_pickaxe":1}},"DataVersion":2975}