{"stats":{"minecraft:used":{"minecraft:glass":11,"minecraft:water_bucket":106,"minecraft:lava_bucket":189,"minecraft:grass_block":29},"minecraft:custom":{"minecraft:jump":6,"minecraft:time_since_rest":5729,"minecraft:crouch_one_cm":439,"minecraft:walk_on_water_one_cm":1662,"minecraft:play_time":5729,"minecraft:time_since_death":5729,"minecraft:walk_one_cm":501,"minecraft:sneak_time":223,"minecraft:total_world_time":5740,"minecraft:walk_under_water_one_cm":79,"minecraft:fly_one_cm":1908}},"DataVersion":2865}