{"stats":{"minecraft:custom":{"minecraft:time_since_rest":3906,"minecraft:crouch_one_cm":40,"minecraft:play_time":3906,"minecraft:sprint_one_cm":3282,"minecraft:walk_one_cm":11990,"minecraft:sneak_time":145,"minecraft:jump":20,"minecraft:leave_game":2,"minecraft:time_since_death":3906,"minecraft:total_world_time":3970,"minecraft:fly_one_cm":8643},"minecraft:picked_up":{"minecraft:slime_block":1,"minecraft:redstone_torch":147,"minecraft:stone_button":1,"minecraft:piston":295},"minecraft:mined":{"minecraft:piston_head":1,"minecraft:stone_button":1,"minecraft:redstone_torch":241,"minecraft:slime_block":2,"minecraft:piston":488},"minecraft:used":{"minecraft:redstone_torch":260,"minecraft:piston":513,"minecraft:diamond_pickaxe":733,"minecraft:lava_bucket":2684,"minecraft:slime_block":2,"minecraft:bucket":1133,"minecraft:observer":4}},"DataVersion":2975}