{"stats":{"minecraft:mined":{"minecraft:glass":4,"minecraft:redstone_torch":1010,"minecraft:slime_block":118,"minecraft:netherrack":98,"minecraft:piston":2028},"minecraft:custom":{"minecraft:time_since_rest":9109,"minecraft:play_time":9109,"minecraft:sprint_one_cm":8264,"minecraft:damage_taken":60,"minecraft:walk_one_cm":68595,"minecraft:drop":3,"minecraft:jump":25,"minecraft:damage_dealt":10,"minecraft:leave_game":1,"minecraft:time_since_death":9109,"minecraft:total_world_time":9236,"minecraft:fall_one_cm":209,"minecraft:fly_one_cm":2509},"minecraft:picked_up":{"minecraft:slime_block":116,"minecraft:redstone_torch":993,"minecraft:netherrack":92,"minecraft:mutton":6,"minecraft:piston":1960,"minecraft:egg":7},"minecraft:dropped":{"minecraft:netherrack":169},"minecraft:used":{"minecraft:redstone_torch":1018,"minecraft:glass":31,"minecraft:piston":2027,"minecraft:slime_block":118,"minecraft:netherite_pickaxe":3238},"minecraft:broken":{"minecraft:netherite_pickaxe":1}},"DataVersion":2975}