{"stats":{"minecraft:mined":{"minecraft:beacon":2,"minecraft:redstone_torch":224,"minecraft:slime_block":2,"minecraft:piston":344},"minecraft:dropped":{"minecraft:enchanted_book":2,"minecraft:redstone_torch":193,"minecraft:iron_block":1,"minecraft:netherite_pickaxe":1,"minecraft:slime_block":192,"minecraft:piston":128,"minecraft:glass":1,"minecraft:sticky_piston":512},"minecraft:picked_up":{"minecraft:sticky_piston":320,"minecraft:slime_block":193,"minecraft:enchanted_book":2,"minecraft:iron_block":1,"minecraft:redstone_torch":314,"minecraft:netherite_pickaxe":1,"minecraft:piston":308},"minecraft:custom":{"minecraft:time_since_rest":17386,"minecraft:crouch_one_cm":566,"minecraft:play_time":17386,"minecraft:sprint_one_cm":741,"minecraft:walk_one_cm":21970,"minecraft:sneak_time":323,"minecraft:walk_under_water_one_cm":3667,"minecraft:interact_with_anvil":2,"minecraft:drop":22,"minecraft:jump":12,"minecraft:leave_game":2,"minecraft:time_since_death":17386,"minecraft:walk_on_water_one_cm":26,"minecraft:interact_with_beacon":290,"minecraft:total_world_time":20691,"minecraft:fly_one_cm":2452},"minecraft:used":{"minecraft:item_frame":1,"minecraft:redstone_torch":222,"minecraft:glass":161,"minecraft:anvil":2,"minecraft:birch_log":1,"minecraft:slime_block":3,"minecraft:bone_block":6,"minecraft:netherite_pickaxe":572,"minecraft:observer":52,"minecraft:beacon":2,"minecraft:milk_bucket":1,"minecraft:piston":409}},"DataVersion":2975}