{"stats":{"minecraft:custom":{"minecraft:jump":2,"minecraft:time_since_rest":18576,"minecraft:leave_game":2,"minecraft:play_time":18576,"minecraft:sprint_one_cm":2287,"minecraft:time_since_death":18576,"minecraft:walk_one_cm":4908,"minecraft:total_world_time":36362,"minecraft:fly_one_cm":5647},"minecraft:picked_up":{"minecraft:redstone_torch":35,"minecraft:slime_block":2,"minecraft:piston":50},"minecraft:mined":{"minecraft:redstone_torch":100,"minecraft:slime_block":10,"minecraft:piston":186},"minecraft:used":{"minecraft:slime_block":9,"minecraft:glass":453,"minecraft:piston":188,"minecraft:diamond_pickaxe":296,"minecraft:redstone_torch":104}},"DataVersion":2975}