{"stats":{"minecraft:custom":{"minecraft:jump":5,"minecraft:time_since_rest":4800,"minecraft:minecart_one_cm":320,"minecraft:play_time":4800,"minecraft:time_since_death":4800,"minecraft:walk_one_cm":5725,"minecraft:sneak_time":1,"minecraft:total_world_time":4847,"minecraft:leave_game":1},"minecraft:used":{"minecraft:slime_block":28,"minecraft:minecart":66,"minecraft:netherite_pickaxe":80,"minecraft:piston":65,"minecraft:detector_rail":6,"minecraft:redstone_torch":25},"minecraft:mined":{"minecraft:redstone_torch":22,"minecraft:slime_block":30,"minecraft:basalt":1,"minecraft:piston":46},"minecraft:picked_up":{"minecraft:redstone_torch":9,"minecraft:slime_block":27,"minecraft:piston":36}},"DataVersion":2975}