{"stats":{"minecraft:used":{"minecraft:bamboo":7,"minecraft:glass":16,"minecraft:note_block":1,"minecraft:lava_bucket":3},"minecraft:custom":{"minecraft:jump":8,"minecraft:time_since_rest":44375,"minecraft:crouch_one_cm":3,"minecraft:leave_game":2,"minecraft:play_time":44375,"minecraft:time_since_death":44375,"minecraft:walk_one_cm":2835,"minecraft:sneak_time":43,"minecraft:total_world_time":44459,"minecraft:talked_to_villager":1,"minecraft:tune_noteblock":244,"minecraft:fly_one_cm":4015},"minecraft:picked_up":{"minecraft:bamboo":8}},"DataVersion":2975}