{"stats":{"minecraft:custom":{"minecraft:time_since_rest":964,"minecraft:fly_one_cm":52827,"minecraft:play_time":964,"minecraft:sneak_time":18,"minecraft:jump":1,"minecraft:leave_game":1,"minecraft:time_since_death":964,"minecraft:total_world_time":1029},"minecraft:used":{"minecraft:mossy_stone_bricks":48,"minecraft:diorite":133,"minecraft:bookshelf":5,"minecraft:cyan_terracotta":12,"minecraft:end_stone_bricks":10,"minecraft:iron_ore":42,"minecraft:bricks":2,"minecraft:quartz_pillar":1,"minecraft:chiseled_sandstone":30,"minecraft:pink_glazed_terracotta":113,"minecraft:snow_block":72,"minecraft:light_gray_concrete":65,"minecraft:birch_planks":482,"minecraft:iron_block":107,"minecraft:polished_andesite":26,"minecraft:bone_block":357,"minecraft:quartz_block":113,"minecraft:white_concrete_powder":17,"minecraft:white_terracotta":879,"minecraft:polished_granite":37,"minecraft:stone":16,"minecraft:gray_concrete_powder":1,"minecraft:clay":141,"minecraft:gravel":14,"minecraft:pink_wool":8,"minecraft:gold_ore":658,"minecraft:stone_bricks":6,"minecraft:cracked_stone_bricks":16,"minecraft:white_wool":86,"minecraft:light_gray_wool":77,"minecraft:green_glazed_terracotta":3,"minecraft:chiseled_stone_bricks":3,"minecraft:pink_concrete":294,"minecraft:mossy_cobblestone":20,"minecraft:dirt":2,"minecraft:sand":41,"minecraft:cobblestone":6,"minecraft:gray_glazed_terracotta":3,"minecraft:magenta_terracotta":37,"minecraft:yellow_glazed_terracotta":6,"minecraft:orange_glazed_terracotta":127,"minecraft:jungle_planks":4,"minecraft:light_gray_terracotta":31,"minecraft:birch_log":542,"minecraft:andesite":7,"minecraft:gold_block":1,"minecraft:light_gray_glazed_terracotta":7,"minecraft:light_gray_concrete_powder":917,"minecraft:chiseled_quartz_block":135,"minecraft:brown_glazed_terracotta":4,"minecraft:pink_concrete_powder":78,"minecraft:white_concrete":63,"minecraft:coarse_dirt":1,"minecraft:granite":3,"minecraft:end_stone":27,"minecraft:polished_diorite":65,"minecraft:lime_glazed_terracotta":7}},"DataVersion":2975}