{"stats":{"minecraft:picked_up":{"minecraft:bamboo":45,"minecraft:dirt":1},"minecraft:used":{"minecraft:bamboo":47,"minecraft:glass":4,"minecraft:dirt":1,"minecraft:grass_block":2},"minecraft:mined":{"minecraft:bamboo":6,"minecraft:bamboo_sapling":1,"minecraft:grass_block":1},"minecraft:dropped":{"minecraft:bamboo":67},"minecraft:custom":{"minecraft:jump":25,"minecraft:leave_game":1,"minecraft:time_since_rest":48032,"minecraft:crouch_one_cm":980,"minecraft:sprint_one_cm":133,"minecraft:play_time":48032,"minecraft:time_since_death":48032,"minecraft:walk_one_cm":27645,"minecraft:sneak_time":317,"minecraft:total_world_time":48041,"minecraft:drop":4,"minecraft:tune_noteblock":102,"minecraft:fly_one_cm":13093}},"DataVersion":2865}