{"stats":{"minecraft:picked_up":{"minecraft:redstone_torch":46,"minecraft:slime_block":38,"minecraft:piston":134},"minecraft:mined":{"minecraft:redstone_torch":70,"minecraft:slime_block":49,"minecraft:piston":186},"minecraft:custom":{"minecraft:time_since_rest":1077,"minecraft:leave_game":1,"minecraft:play_time":1077,"minecraft:time_since_death":1077,"minecraft:walk_one_cm":5297,"minecraft:total_world_time":1146,"minecraft:jump":8},"minecraft:used":{"minecraft:redstone_torch":78,"minecraft:slime_block":46,"minecraft:netherite_pickaxe":276,"minecraft:piston":216}},"DataVersion":2975}