{"stats":{"minecraft:custom":{"minecraft:time_since_rest":11942,"minecraft:leave_game":1,"minecraft:sprint_one_cm":250,"minecraft:crouch_one_cm":3,"minecraft:play_time":11942,"minecraft:time_since_death":11942,"minecraft:walk_one_cm":12046,"minecraft:sneak_time":38,"minecraft:total_world_time":11955,"minecraft:drop":20,"minecraft:fly_one_cm":6847,"minecraft:jump":5},"minecraft:used":{"minecraft:redstone_torch":5,"minecraft:glass":437,"minecraft:piston":20,"minecraft:diamond_pickaxe":15},"minecraft:mined":{"minecraft:redstone_torch":4,"minecraft:piston":11},"minecraft:picked_up":{"minecraft:redstone_torch":4,"minecraft:piston":10,"minecraft:diamond_pickaxe":18},"minecraft:dropped":{"minecraft:diamond_pickaxe":19,"minecraft:glass":1}},"DataVersion":2975}