{"stats":{"minecraft:custom":{"minecraft:jump":10,"minecraft:time_since_rest":4692,"minecraft:leave_game":2,"minecraft:crouch_one_cm":72,"minecraft:play_time":4692,"minecraft:time_since_death":4692,"minecraft:walk_one_cm":16462,"minecraft:sneak_time":51,"minecraft:total_world_time":4826,"minecraft:fly_one_cm":2088},"minecraft:picked_up":{"minecraft:redstone_torch":60,"minecraft:netherrack":16,"minecraft:slime_block":14,"minecraft:piston":172},"minecraft:used":{"minecraft:slime_block":17,"minecraft:bedrock":64,"minecraft:netherite_pickaxe":252,"minecraft:piston":155,"minecraft:redstone_torch":82},"minecraft:mined":{"minecraft:redstone_torch":76,"minecraft:slime_block":16,"minecraft:netherrack":18,"minecraft:piston":148}},"DataVersion":2975}