{"stats":{"minecraft:picked_up":{"minecraft:slime_block":32,"minecraft:redstone_torch":654,"minecraft:netherite_pickaxe":2,"minecraft:piston":974},"minecraft:custom":{"minecraft:time_since_rest":6430,"minecraft:crouch_one_cm":72,"minecraft:play_time":6430,"minecraft:sprint_one_cm":24201,"minecraft:walk_one_cm":23844,"minecraft:sneak_time":15,"minecraft:drop":15,"minecraft:jump":28,"minecraft:leave_game":1,"minecraft:time_since_death":6430,"minecraft:total_world_time":6464,"minecraft:fall_one_cm":418,"minecraft:fly_one_cm":7023},"minecraft:mined":{"minecraft:redstone_torch":387,"minecraft:slime_block":30,"minecraft:piston":737},"minecraft:dropped":{"minecraft:redstone_torch":320,"minecraft:netherite_pickaxe":3,"minecraft:piston":320,"minecraft:milk_bucket":1,"minecraft:command_block":1},"minecraft:used":{"minecraft:redstone_torch":388,"minecraft:glass":61,"minecraft:piston":753,"minecraft:command_block":1,"minecraft:slime_block":28,"minecraft:stone_button":1,"minecraft:netherite_pickaxe":1154}},"DataVersion":2865}