{"stats":{"minecraft:used":{"minecraft:oak_log":1,"minecraft:glass":513,"minecraft:mossy_stone_bricks":3,"minecraft:blue_terracotta":9,"minecraft:diorite":12,"minecraft:cyan_terracotta":161,"minecraft:end_stone_bricks":3,"minecraft:iron_ore":39,"minecraft:pink_glazed_terracotta":2,"minecraft:bookshelf":1,"minecraft:chiseled_sandstone":19,"minecraft:light_gray_concrete":16,"minecraft:birch_planks":12,"minecraft:iron_block":1,"minecraft:polished_andesite":4,"minecraft:bone_block":30,"minecraft:quartz_block":8,"minecraft:light_blue_terracotta":45,"minecraft:white_concrete_powder":19,"minecraft:white_glazed_terracotta":2,"minecraft:white_terracotta":45,"minecraft:stone":1,"minecraft:polished_granite":10,"minecraft:gray_concrete_powder":121,"minecraft:gravel":54,"minecraft:clay":12,"minecraft:gold_ore":128,"minecraft:stone_bricks":4,"minecraft:cracked_stone_bricks":84,"minecraft:white_wool":4,"minecraft:light_gray_wool":27,"minecraft:green_glazed_terracotta":2,"minecraft:pink_concrete":35,"minecraft:chiseled_stone_bricks":33,"minecraft:mossy_cobblestone":2,"minecraft:soul_sand":2,"minecraft:sand":15,"minecraft:gray_glazed_terracotta":8,"minecraft:magenta_terracotta":74,"minecraft:nether_quartz_ore":1,"minecraft:orange_glazed_terracotta":15,"minecraft:jungle_planks":1,"minecraft:birch_log":65,"minecraft:light_gray_terracotta":187,"minecraft:andesite":7,"minecraft:chiseled_quartz_block":20,"minecraft:light_gray_concrete_powder":242,"minecraft:purple_terracotta":253,"minecraft:pink_concrete_powder":20,"minecraft:brown_glazed_terracotta":73,"minecraft:coarse_dirt":1,"minecraft:end_stone":14,"minecraft:observer":6,"minecraft:polished_diorite":3},"minecraft:custom":{"minecraft:time_since_rest":12012,"minecraft:sprint_one_cm":741,"minecraft:walk_one_cm":1626,"minecraft:fly_one_cm":64967,"minecraft:crouch_one_cm":8,"minecraft:play_time":12012,"minecraft:sneak_time":88,"minecraft:jump":2,"minecraft:leave_game":1,"minecraft:time_since_death":12012,"minecraft:total_world_time":12021}},"DataVersion":2865}