{"stats":{"minecraft:custom":{"minecraft:jump":1,"minecraft:time_since_rest":5990,"minecraft:sprint_one_cm":33,"minecraft:play_time":5990,"minecraft:time_since_death":5990,"minecraft:walk_one_cm":2838,"minecraft:sneak_time":3,"minecraft:total_world_time":5999,"minecraft:drop":1},"minecraft:used":{"minecraft:diamond_hoe":1,"minecraft:bucket":4,"minecraft:water_bucket":1,"minecraft:dirt":1,"minecraft:lava_bucket":2,"minecraft:melon_seeds":2},"minecraft:dropped":{"minecraft:lava_bucket":1}},"DataVersion":2975}