{"stats":{"minecraft:used":{"minecraft:redstone_torch":431,"minecraft:slime_block":91,"minecraft:piston":865,"minecraft:diamond_pickaxe":1375,"minecraft:command_block":1},"minecraft:custom":{"minecraft:time_since_rest":2275,"minecraft:leave_game":1,"minecraft:play_time":2275,"minecraft:time_since_death":2275,"minecraft:walk_one_cm":10376,"minecraft:sneak_time":9,"minecraft:total_world_time":2627,"minecraft:fly_one_cm":4089,"minecraft:jump":5},"minecraft:mined":{"minecraft:redstone_torch":430,"minecraft:slime_block":88,"minecraft:piston":857},"minecraft:picked_up":{"minecraft:redstone_torch":431,"minecraft:ink_sac":4,"minecraft:salmon":1,"minecraft:slime_block":88,"minecraft:piston":857,"minecraft:egg":3}},"DataVersion":2975}