{"stats":{"minecraft:custom":{"minecraft:jump":14,"minecraft:time_since_rest":1510,"minecraft:leave_game":1,"minecraft:sprint_one_cm":1628,"minecraft:play_time":1510,"minecraft:time_since_death":1510,"minecraft:walk_one_cm":5076,"minecraft:total_world_time":1544,"minecraft:fly_one_cm":1117},"minecraft:mined":{"minecraft:slime_block":18,"minecraft:piston":224,"minecraft:redstone_torch":107},"minecraft:picked_up":{"minecraft:redstone_torch":101,"minecraft:slime_block":17,"minecraft:piston":213},"minecraft:used":{"minecraft:redstone_torch":107,"minecraft:slime_block":18,"minecraft:glass":1,"minecraft:piston":224,"minecraft:diamond_pickaxe":348}},"DataVersion":2975}