{"stats":{"minecraft:used":{"minecraft:water_bucket":3,"minecraft:lava_bucket":1,"minecraft:sand":23560},"minecraft:picked_up":{"minecraft:sand":30},"minecraft:custom":{"minecraft:jump":23,"minecraft:time_since_rest":3162,"minecraft:leave_game":1,"minecraft:sprint_one_cm":6539,"minecraft:walk_on_water_one_cm":1563,"minecraft:crouch_one_cm":296,"minecraft:deaths":1,"minecraft:play_time":4254,"minecraft:time_since_death":3135,"minecraft:walk_one_cm":4699,"minecraft:walk_under_water_one_cm":4072,"minecraft:sneak_time":233,"minecraft:total_world_time":4316,"minecraft:drop":1,"minecraft:fly_one_cm":56517},"minecraft:dropped":{"minecraft:observer":1}},"DataVersion":2975}