{"stats":{"minecraft:custom":{"minecraft:jump":8,"minecraft:time_since_rest":7536,"minecraft:crouch_one_cm":124,"minecraft:leave_game":2,"minecraft:play_time":7536,"minecraft:sprint_one_cm":328,"minecraft:time_since_death":7536,"minecraft:walk_one_cm":4640,"minecraft:sneak_time":42,"minecraft:total_world_time":7583,"minecraft:tune_noteblock":81,"minecraft:fly_one_cm":4072},"minecraft:used":{"minecraft:bamboo":6,"minecraft:glass":42,"minecraft:note_block":2,"minecraft:lava_bucket":14},"minecraft:picked_up":{"minecraft:bamboo":12}},"DataVersion":2975}