{"stats":{"minecraft:custom":{"minecraft:time_since_rest":23811,"minecraft:crouch_one_cm":569,"minecraft:sprint_one_cm":575,"minecraft:play_time":23811,"minecraft:walk_one_cm":2747,"minecraft:sneak_time":304,"minecraft:jump":13,"minecraft:leave_game":3,"minecraft:time_since_death":23811,"minecraft:total_world_time":38112,"minecraft:fly_one_cm":46557},"minecraft:picked_up":{"minecraft:redstone_torch":6,"minecraft:piston":18},"minecraft:mined":{"minecraft:redstone_torch":35,"minecraft:piston":70},"minecraft:used":{"minecraft:redstone_torch":35,"minecraft:glass":174,"minecraft:piston":70,"minecraft:diamond_pickaxe":105,"minecraft:lava_bucket":47,"minecraft:sand":57,"minecraft:flint_and_steel":1,"minecraft:bucket":3,"minecraft:minecart":42,"minecraft:detector_rail":1,"minecraft:obsidian":13}},"DataVersion":2975}