{"stats":{"minecraft:custom":{"minecraft:time_since_rest":6277,"minecraft:sprint_one_cm":4612,"minecraft:walk_one_cm":1568,"minecraft:fly_one_cm":166011,"minecraft:crouch_one_cm":79,"minecraft:play_time":6277,"minecraft:sneak_time":41,"minecraft:jump":5,"minecraft:leave_game":1,"minecraft:time_since_death":6277,"minecraft:total_world_time":6317},"minecraft:used":{"minecraft:mossy_stone_bricks":146,"minecraft:blue_terracotta":3,"minecraft:diorite":345,"minecraft:cyan_terracotta":32,"minecraft:end_stone_bricks":42,"minecraft:iron_ore":103,"minecraft:bricks":12,"minecraft:bookshelf":1,"minecraft:chiseled_sandstone":13,"minecraft:pink_glazed_terracotta":43,"minecraft:snow_block":1,"minecraft:light_gray_concrete":240,"minecraft:birch_planks":175,"minecraft:iron_block":53,"minecraft:polished_andesite":37,"minecraft:bone_block":214,"minecraft:quartz_block":73,"minecraft:lime_concrete_powder":2,"minecraft:white_concrete_powder":40,"minecraft:white_glazed_terracotta":4,"minecraft:white_terracotta":3220,"minecraft:polished_granite":135,"minecraft:stone":22,"minecraft:gray_concrete_powder":4,"minecraft:pink_wool":65,"minecraft:clay":837,"minecraft:gravel":12,"minecraft:gold_ore":808,"minecraft:stone_bricks":6,"minecraft:green_terracotta":1,"minecraft:cracked_stone_bricks":22,"minecraft:pink_concrete":493,"minecraft:white_wool":38,"minecraft:light_gray_wool":140,"minecraft:green_glazed_terracotta":11,"minecraft:chiseled_stone_bricks":4,"minecraft:mossy_cobblestone":97,"minecraft:sand":17,"minecraft:lime_terracotta":2,"minecraft:cobblestone":7,"minecraft:gray_glazed_terracotta":3,"minecraft:magenta_terracotta":132,"minecraft:yellow_glazed_terracotta":3,"minecraft:nether_quartz_ore":4,"minecraft:orange_glazed_terracotta":124,"minecraft:jungle_planks":6,"minecraft:andesite":7,"minecraft:light_gray_terracotta":44,"minecraft:birch_log":416,"minecraft:pink_terracotta":13,"minecraft:purple_terracotta":24,"minecraft:light_gray_glazed_terracotta":25,"minecraft:light_gray_concrete_powder":1865,"minecraft:chiseled_quartz_block":49,"minecraft:pink_concrete_powder":738,"minecraft:white_concrete":86,"minecraft:brown_glazed_terracotta":26,"minecraft:end_stone":23,"minecraft:jukebox":2,"minecraft:polished_diorite":161,"minecraft:lime_glazed_terracotta":13}},"DataVersion":2975}