{"stats":{"minecraft:used":{"minecraft:redstone_torch":274,"minecraft:slime_block":22,"minecraft:netherite_pickaxe":907,"minecraft:piston":574},"minecraft:picked_up":{"minecraft:redstone_torch":201,"minecraft:slime_block":16,"minecraft:piston":405},"minecraft:mined":{"minecraft:redstone_torch":299,"minecraft:slime_block":22,"minecraft:piston":587},"minecraft:custom":{"minecraft:time_since_rest":2621,"minecraft:leave_game":1,"minecraft:sprint_one_cm":4651,"minecraft:play_time":2621,"minecraft:time_since_death":2621,"minecraft:walk_one_cm":16877,"minecraft:total_world_time":2636,"minecraft:fly_one_cm":900,"minecraft:jump":16}},"DataVersion":2865}