{"stats":{"minecraft:used":{"minecraft:slime_block":6,"minecraft:piston":148,"minecraft:diamond_pickaxe":151,"minecraft:redstone_torch":100},"minecraft:mined":{"minecraft:redstone_torch":96,"minecraft:slime_block":4,"minecraft:piston":108},"minecraft:custom":{"minecraft:jump":2,"minecraft:time_since_rest":961,"minecraft:sprint_one_cm":178,"minecraft:play_time":961,"minecraft:time_since_death":961,"minecraft:walk_one_cm":2375,"minecraft:total_world_time":10535},"minecraft:picked_up":{"minecraft:redstone_torch":107,"minecraft:slime_block":1,"minecraft:piston":117}},"DataVersion":2975}