{"stats":{"minecraft:used":{"minecraft:redstone_torch":14,"minecraft:netherite_pickaxe":16,"minecraft:piston":15},"minecraft:picked_up":{"minecraft:redstone_torch":24,"minecraft:piston":40},"minecraft:mined":{"minecraft:piston":10,"minecraft:redstone_torch":7},"minecraft:custom":{"minecraft:jump":20,"minecraft:time_since_rest":1737,"minecraft:leave_game":1,"minecraft:sprint_one_cm":9194,"minecraft:play_time":1737,"minecraft:time_since_death":1737,"minecraft:walk_one_cm":8190,"minecraft:sneak_time":1,"minecraft:total_world_time":1799,"minecraft:fly_one_cm":906}},"DataVersion":2865}