{"stats":{"minecraft:custom":{"minecraft:time_since_rest":507,"minecraft:play_time":507,"minecraft:sneak_time":12,"minecraft:leave_game":1,"minecraft:time_since_death":507,"minecraft:total_world_time":551,"minecraft:fly_one_cm":10637},"minecraft:used":{"minecraft:gold_ore":39,"minecraft:light_gray_wool":5,"minecraft:white_wool":122,"minecraft:mossy_stone_bricks":2,"minecraft:diorite":15,"minecraft:mossy_cobblestone":1,"minecraft:end_stone_bricks":4,"minecraft:iron_ore":1,"minecraft:sand":2,"minecraft:chiseled_sandstone":2,"minecraft:snow_block":6,"minecraft:light_gray_concrete":11,"minecraft:birch_planks":3,"minecraft:iron_block":2,"minecraft:polished_andesite":2,"minecraft:andesite":1,"minecraft:bone_block":10,"minecraft:birch_log":29,"minecraft:white_concrete_powder":47,"minecraft:light_gray_concrete_powder":54,"minecraft:chiseled_quartz_block":4,"minecraft:white_terracotta":1,"minecraft:white_concrete":1,"minecraft:clay":7,"minecraft:polished_diorite":2}},"DataVersion":2975}