{"stats":{"minecraft:custom":{"minecraft:time_since_rest":2467,"minecraft:sprint_one_cm":23,"minecraft:play_time":2467,"minecraft:time_since_death":2467,"minecraft:walk_one_cm":20793,"minecraft:total_world_time":2485,"minecraft:jump":7},"minecraft:broken":{"minecraft:netherite_pickaxe":1},"minecraft:used":{"minecraft:redstone_torch":184,"minecraft:slime_block":18,"minecraft:netherite_pickaxe":592,"minecraft:piston":370},"minecraft:picked_up":{"minecraft:redstone_torch":172,"minecraft:netherrack":17,"minecraft:slime_block":15,"minecraft:piston":348},"minecraft:mined":{"minecraft:redstone_torch":183,"minecraft:slime_block":18,"minecraft:netherrack":20,"minecraft:piston":372}},"DataVersion":2975}