{"stats":{"minecraft:picked_up":{"minecraft:bamboo":7},"minecraft:custom":{"minecraft:jump":1,"minecraft:time_since_rest":8398,"minecraft:crouch_one_cm":8,"minecraft:leave_game":2,"minecraft:play_time":8398,"minecraft:time_since_death":8398,"minecraft:walk_one_cm":2400,"minecraft:sneak_time":79,"minecraft:total_world_time":8457,"minecraft:tune_noteblock":25,"minecraft:fly_one_cm":5040},"minecraft:used":{"minecraft:bone_block":27,"minecraft:bamboo":9,"minecraft:glass":3,"minecraft:chiseled_stone_bricks":13,"minecraft:lava_bucket":7,"minecraft:grass_block":2}},"DataVersion":2975}