{"stats":{"minecraft:picked_up":{"minecraft:glass":2,"minecraft:slime_block":3,"minecraft:redstone_torch":240,"minecraft:piston":620},"minecraft:mined":{"minecraft:redstone_torch":250,"minecraft:slime_block":6,"minecraft:piston":705},"minecraft:used":{"minecraft:redstone_torch":254,"minecraft:glass":2133,"minecraft:piston":815,"minecraft:slime_block":49,"minecraft:netherite_pickaxe":961},"minecraft:custom":{"minecraft:time_since_rest":11780,"minecraft:sprint_one_cm":11332,"minecraft:play_time":11780,"minecraft:walk_one_cm":44998,"minecraft:damage_taken":70,"minecraft:drop":2,"minecraft:jump":35,"minecraft:leave_game":1,"minecraft:time_since_death":11780,"minecraft:total_world_time":12258,"minecraft:fall_one_cm":1176,"minecraft:fly_one_cm":3340},"minecraft:dropped":{"minecraft:glass":2}},"DataVersion":2975}