{"stats":{"minecraft:used":{"minecraft:redstone_torch":17,"minecraft:netherite_pickaxe":47,"minecraft:glass":53,"minecraft:piston":31},"minecraft:mined":{"minecraft:piston":30,"minecraft:redstone_torch":17},"minecraft:dropped":{"minecraft:piston":256},"minecraft:custom":{"minecraft:jump":16,"minecraft:time_since_rest":8049,"minecraft:crouch_one_cm":125,"minecraft:sprint_one_cm":4708,"minecraft:play_time":8049,"minecraft:time_since_death":8049,"minecraft:walk_one_cm":11869,"minecraft:sneak_time":47,"minecraft:total_world_time":8214,"minecraft:fall_one_cm":269,"minecraft:drop":4,"minecraft:fly_one_cm":21476},"minecraft:picked_up":{"minecraft:redstone_torch":16,"minecraft:piston":279}},"DataVersion":2975}