{
  "minecraft:recipes/food/cooked_mutton_from_campfire_cooking": {
    "criteria": {
      "has_mutton": "2022-03-22 20:35:23 +0800"
    },
    "done": true
  },
  "minecraft:recipes/building_blocks/black_stained_glass": {
    "criteria": {
      "has_glass": "2022-03-26 13:11:28 +0800"
    },
    "done": true
  },
  "minecraft:recipes/tools/wooden_axe": {
    "criteria": {
      "has_stick": "2022-03-22 20:35:23 +0800"
    },
    "done": true
  },
  "minecraft:recipes/building_blocks/yellow_stained_glass": {
    "criteria": {
      "has_glass": "2022-03-26 13:11:28 +0800"
    },
    "done": true
  },
  "minecraft:recipes/redstone/repeater": {
    "criteria": {
      "has_redstone_torch": "2022-03-22 20:35:23 +0800"
    },
    "done": true
  },
  "minecraft:recipes/transportation/furnace_minecart": {
    "criteria": {
      "has_minecart": "2022-03-26 13:11:28 +0800"
    },
    "done": true
  },
  "minecraft:recipes/building_blocks/gray_stained_glass": {
    "criteria": {
      "has_glass": "2022-03-26 13:11:28 +0800"
    },
    "done": true
  },
  "minecraft:recipes/building_blocks/end_stone_bricks_from_end_stone_stonecutting": {
    "criteria": {
      "has_end_stone": "2022-03-26 13:11:28 +0800"
    },
    "done": true
  },
  "minecraft:recipes/brewing/glass_bottle": {
    "criteria": {
      "has_glass": "2022-03-26 13:11:28 +0800"
    },
    "done": true
  },
  "minecraft:recipes/building_blocks/end_stone_brick_stairs_from_end_stone_stonecutting": {
    "criteria": {
      "has_end_stone": "2022-03-26 13:11:28 +0800"
    },
    "done": true
  },
  "minecraft:recipes/transportation/chest_minecart": {
    "criteria": {
      "has_minecart": "2022-03-26 13:11:28 +0800"
    },
    "done": true
  },
  "minecraft:recipes/decorations/campfire": {
    "criteria": {
      "has_stick": "2022-03-22 20:35:23 +0800"
    },
    "done": true
  },
  "minecraft:recipes/building_blocks/red_stained_glass": {
    "criteria": {
      "has_glass": "2022-03-26 13:11:28 +0800"
    },
    "done": true
  },
  "minecraft:recipes/building_blocks/purple_stained_glass": {
    "criteria": {
      "has_glass": "2022-03-26 13:11:28 +0800"
    },
    "done": true
  },
  "minecraft:recipes/tools/wooden_pickaxe": {
    "criteria": {
      "has_stick": "2022-03-22 20:35:23 +0800"
    },
    "done": true
  },
  "minecraft:recipes/decorations/ladder": {
    "criteria": {
      "has_stick": "2022-03-22 20:35:23 +0800"
    },
    "done": true
  },
  "minecraft:recipes/decorations/chest": {
    "criteria": {
      "has_lots_of_items": "2022-03-22 20:35:23 +0800"
    },
    "done": true
  },
  "minecraft:recipes/transportation/hopper_minecart": {
    "criteria": {
      "has_minecart": "2022-03-26 13:11:28 +0800"
    },
    "done": true
  },
  "minecraft:recipes/building_blocks/end_stone_brick_slab_from_end_stone_stonecutting": {
    "criteria": {
      "has_end_stone": "2022-03-26 13:11:28 +0800"
    },
    "done": true
  },
  "minecraft:recipes/decorations/painting": {
    "criteria": {
      "has_wool": "2022-03-26 13:11:28 +0800"
    },
    "done": true
  },
  "minecraft:recipes/decorations/pink_bed": {
    "criteria": {
      "has_pink_wool": "2022-03-26 13:11:28 +0800"
    },
    "done": true
  },
  "minecraft:recipes/decorations/pink_carpet": {
    "criteria": {
      "has_pink_wool": "2022-03-26 13:11:28 +0800"
    },
    "done": true
  },
  "minecraft:recipes/building_blocks/white_stained_glass": {
    "criteria": {
      "has_glass": "2022-03-26 13:11:28 +0800"
    },
    "done": true
  },
  "minecraft:recipes/tools/wooden_shovel": {
    "criteria": {
      "has_stick": "2022-03-22 20:35:23 +0800"
    },
    "done": true
  },
  "minecraft:recipes/building_blocks/blue_stained_glass": {
    "criteria": {
      "has_glass": "2022-03-26 13:11:28 +0800"
    },
    "done": true
  },
  "minecraft:recipes/misc/nether_brick": {
    "criteria": {
      "has_netherrack": "2022-03-22 20:35:23 +0800"
    },
    "done": true
  },
  "minecraft:recipes/building_blocks/orange_stained_glass": {
    "criteria": {
      "has_glass": "2022-03-26 13:11:28 +0800"
    },
    "done": true
  },
  "minecraft:recipes/building_blocks/brown_stained_glass": {
    "criteria": {
      "has_glass": "2022-03-26 13:11:28 +0800"
    },
    "done": true
  },
  "minecraft:recipes/building_blocks/green_stained_glass": {
    "criteria": {
      "has_glass": "2022-03-26 13:11:28 +0800"
    },
    "done": true
  },
  "minecraft:recipes/building_blocks/terracotta": {
    "criteria": {
      "has_clay_block": "2022-03-26 13:11:28 +0800"
    },
    "done": true
  },
  "minecraft:recipes/combat/wooden_sword": {
    "criteria": {
      "has_stick": "2022-03-22 20:35:23 +0800"
    },
    "done": true
  },
  "minecraft:recipes/building_blocks/light_gray_stained_glass": {
    "criteria": {
      "has_glass": "2022-03-26 13:11:28 +0800"
    },
    "done": true
  },
  "minecraft:recipes/building_blocks/end_stone_bricks": {
    "criteria": {
      "has_end_stone": "2022-03-26 13:11:28 +0800"
    },
    "done": true
  },
  "minecraft:recipes/building_blocks/cyan_stained_glass": {
    "criteria": {
      "has_glass": "2022-03-26 13:11:28 +0800"
    },
    "done": true
  },
  "minecraft:recipes/decorations/end_stone_brick_wall_from_end_stone_stonecutting": {
    "criteria": {
      "has_end_stone": "2022-03-26 13:11:28 +0800"
    },
    "done": true
  },
  "minecraft:recipes/tools/wooden_hoe": {
    "criteria": {
      "has_stick": "2022-03-22 20:35:23 +0800"
    },
    "done": true
  },
  "minecraft:recipes/transportation/tnt_minecart": {
    "criteria": {
      "has_minecart": "2022-03-26 13:11:28 +0800"
    },
    "done": true
  },
  "minecraft:recipes/building_blocks/lime_stained_glass": {
    "criteria": {
      "has_glass": "2022-03-26 13:11:28 +0800"
    },
    "done": true
  },
  "minecraft:recipes/food/cooked_mutton_from_smoking": {
    "criteria": {
      "has_mutton": "2022-03-22 20:35:23 +0800"
    },
    "done": true
  },
  "minecraft:nether/explore_nether": {
    "criteria": {
      "minecraft:soul_sand_valley": "2022-03-26 13:11:29 +0800",
      "minecraft:basalt_deltas": "2022-03-22 20:35:23 +0800"
    },
    "done": false
  },
  "minecraft:recipes/transportation/rail": {
    "criteria": {
      "has_minecart": "2022-03-26 13:11:28 +0800"
    },
    "done": true
  },
  "minecraft:recipes/decorations/glass_pane": {
    "criteria": {
      "has_glass": "2022-03-26 13:11:28 +0800"
    },
    "done": true
  },
  "minecraft:recipes/building_blocks/magenta_stained_glass": {
    "criteria": {
      "has_glass": "2022-03-26 13:11:28 +0800"
    },
    "done": true
  },
  "minecraft:recipes/misc/slime_ball": {
    "criteria": {
      "has_slime_block": "2022-03-22 20:35:23 +0800"
    },
    "done": true
  },
  "minecraft:recipes/decorations/soul_campfire": {
    "criteria": {
      "has_stick": "2022-03-22 20:35:23 +0800"
    },
    "done": true
  },
  "minecraft:recipes/combat/crossbow": {
    "criteria": {
      "has_stick": "2022-03-22 20:35:23 +0800"
    },
    "done": true
  },
  "minecraft:recipes/decorations/pink_banner": {
    "criteria": {
      "has_pink_wool": "2022-03-26 13:11:28 +0800"
    },
    "done": true
  },
  "minecraft:recipes/food/cooked_mutton": {
    "criteria": {
      "has_mutton": "2022-03-22 20:35:23 +0800"
    },
    "done": true
  },
  "minecraft:recipes/building_blocks/light_blue_stained_glass": {
    "criteria": {
      "has_glass": "2022-03-26 13:11:28 +0800"
    },
    "done": true
  },
  "minecraft:recipes/building_blocks/pink_stained_glass": {
    "criteria": {
      "has_glass": "2022-03-26 13:11:28 +0800"
    },
    "done": true
  },
  "DataVersion": 2975
}